Zulma	Aaberg	Zulma_Aaberg@gmail.com
Zulema	Aarestad	Zulema_Aarestad@gmail.com
Zula	Abajian	Zula_Abajian@gmail.com
Zoraida	Abbamonte	Zoraida_Abbamonte@gmail.com
Zora	Abboud	Zora_Abboud@gmail.com
Zonia	Abdin	Zonia_Abdin@gmail.com
Zona	Abeb	Zona_Abeb@gmail.com
Zola	Abelman	Zola_Abelman@gmail.com
Zoila	Abeta	Zoila_Abeta@gmail.com
Zofia	Ablao	Zofia_Ablao@gmail.com
Zoe	Aboudi	Zoe_Aboudi@gmail.com
Zita	Abramov	Zita_Abramov@gmail.com
Zina	Abrey	Zina_Abrey@gmail.com
Zetta	Abt	Zetta_Abt@gmail.com
Zenobia	Accardi	Zenobia_Accardi@gmail.com
Zenia	Aceret	Zenia_Aceret@gmail.com
Zenaida	Achekian	Zenaida_Achekian@gmail.com
Zena	Ackah	Zena_Ackah@gmail.com
Zelma	Ackles	Zelma_Ackles@gmail.com
Zella	Acosto	Zella_Acosto@gmail.com
Zelda	Adachi	Zelda_Adachi@gmail.com
Zane	Adamitis	Zane_Adamitis@gmail.com
Zandra	Aday	Zandra_Aday@gmail.com
Zana	Addleman	Zana_Addleman@gmail.com
Zaida	Adelsberg	Zaida_Adelsberg@gmail.com
Zada	Adey	Zada_Adey@gmail.com
Zackary	Adkinson	Zackary_Adkinson@gmail.com
Zack	Adolfson	Zack_Adolfson@gmail.com
Zachery	Adrion	Zachery_Adrion@gmail.com
Zachary	Aery	Zachary_Aery@gmail.com
Zachariah	Aflalo	Zachariah_Aflalo@gmail.com
Yvonne	Agbisit	Yvonne_Agbisit@gmail.com
Yvone	Agib	Yvone_Agib@gmail.com
Yvette	Agoff	Yvette_Agoff@gmail.com
Yuriko	Agredano	Yuriko_Agredano@gmail.com
Yuri	Aguayo	Yuri_Aguayo@gmail.com
Yuonne	Aguinaldo	Yuonne_Aguinaldo@gmail.com
Yung	Ahal	Yung_Ahal@gmail.com
Yun	Ahlbrecht	Yun_Ahlbrecht@gmail.com
Yulanda	Ahlstrom	Yulanda_Ahlstrom@gmail.com
Yuko	Ahrends	Yuko_Ahrends@gmail.com
Yukiko	Aichele	Yukiko_Aichele@gmail.com
Yuki	Ailiff	Yuki_Ailiff@gmail.com
Yuk	Ainslie	Yuk_Ainslie@gmail.com
Yuette	Aites	Yuette_Aites@gmail.com
Yu	Ajose	Yu_Ajose@gmail.com
Young	Aken	Young_Aken@gmail.com
Young	Akimseu	Young_Akimseu@gmail.com
Youlanda	Akridge	Youlanda_Akridge@gmail.com
Yoshiko	Alameda	Yoshiko_Alameda@gmail.com
Yoshie	Alar	Yoshie_Alar@gmail.com
Yong	Albaladejo	Yong_Albaladejo@gmail.com
Yong	Albea	Yong_Albea@gmail.com
Yon	Alberta	Yon_Alberta@gmail.com
Yolonda	Alborn	Yolonda_Alborn@gmail.com
Yolando	Alcaide	Yolando_Alcaide@gmail.com
Yolande	Alcock	Yolande_Alcock@gmail.com
Yolanda	Aldas	Yolanda_Aldas@gmail.com
Yoko	Aldonza	Yoko_Aldonza@gmail.com
Ying	Alegi	Ying_Alegi@gmail.com
Yi	Alequin	Yi_Alequin@gmail.com
Yevette	Alessio	Yevette_Alessio@gmail.com
Yetta	Alexidor	Yetta_Alexidor@gmail.com
Yessenia	Alfero	Yessenia_Alfero@gmail.com
Yesenia	Algee	Yesenia_Algee@gmail.com
Yer	Alias	Yer_Alias@gmail.com
Yen	Alimo	Yen_Alimo@gmail.com
Yelena	Alken	Yelena_Alken@gmail.com
Yee	Allard	Yee_Allard@gmail.com
Yasuko	Allegood	Yasuko_Allegood@gmail.com
Yasmine	Allendorf	Yasmine_Allendorf@gmail.com
Yasmin	Alley	Yasmin_Alley@gmail.com
Yanira	Allin	Yanira_Allin@gmail.com
Yang	Allon	Yang_Allon@gmail.com
Yan	Alltop	Yan_Alltop@gmail.com
Yajaira	Almanza	Yajaira_Almanza@gmail.com
Yahaira	Almengor	Yahaira_Almengor@gmail.com
Yael	Almy	Yael_Almy@gmail.com
Yaeko	Alosta	Yaeko_Alosta@gmail.com
Yadira	Alquesta	Yadira_Alquesta@gmail.com
Xuan	Alshouse	Xuan_Alshouse@gmail.com
Xochitl	Alt	Xochitl_Alt@gmail.com
Xiomara	Altew	Xiomara_Altew@gmail.com
Xiao	Altken	Xiao_Altken@gmail.com
Xenia	Altop	Xenia_Altop@gmail.com
Xavier	Aluise	Xavier_Aluise@gmail.com
Wynona	Alvarez	Wynona_Alvarez@gmail.com
Wynell	Alvey	Wynell_Alvey@gmail.com
Wyatt	Alwang	Wyatt_Alwang@gmail.com
Woodrow	Amadeo	Woodrow_Amadeo@gmail.com
Wonda	Amar	Wonda_Amar@gmail.com
Wm	Amavisca	Wm_Amavisca@gmail.com
Winter	Ambrister	Winter_Ambrister@gmail.com
Winston	Amdahl	Winston_Amdahl@gmail.com
Winona	Amemiya	Winona_Amemiya@gmail.com
Winnifred	Amert	Winnifred_Amert@gmail.com
Winnie	Amidon	Winnie_Amidon@gmail.com
Winifred	Amistadi	Winifred_Amistadi@gmail.com
Winfred	Amoah	Winfred_Amoah@gmail.com
Winford	Amorim	Winford_Amorim@gmail.com
Windy	Amphy	Windy_Amphy@gmail.com
Wilton	Amspoker	Wilton_Amspoker@gmail.com
Wilson	Amyx	Wilson_Amyx@gmail.com
Wilmer	Anastacio	Wilmer_Anastacio@gmail.com
Wilma	Ancheta	Wilma_Ancheta@gmail.com
Willy	Andel	Willy_Andel@gmail.com
Willow	Anderst	Willow_Anderst@gmail.com
Willodean	Andrada	Willodean_Andrada@gmail.com
Willis	Andreatta	Willis_Andreatta@gmail.com
Williemae	Andreula	Williemae_Andreula@gmail.com
Willie	Andronis	Willie_Andronis@gmail.com
Willie	Andy	Willie_Andy@gmail.com
Willian	Ang	Willian_Ang@gmail.com
Williams	Angelino	Williams_Angelino@gmail.com
William	Angelson	William_Angelson@gmail.com
William	Angiolillo	William_Angiolillo@gmail.com
Willia	Anglum	Willia_Anglum@gmail.com
Willette	Angviano	Willette_Angviano@gmail.com
Willetta	Ankeny	Willetta_Ankeny@gmail.com
Willene	Annand	Willene_Annand@gmail.com
Willena	Annino	Willena_Annino@gmail.com
Willard	Ansbro	Willard_Ansbro@gmail.com
Willa	Anstead	Willa_Anstead@gmail.com
Will	Anthis	Will_Anthis@gmail.com
Wilhemina	Antkowiak	Wilhemina_Antkowiak@gmail.com
Wilhelmina	Antonelli	Wilhelmina_Antonelli@gmail.com
Wilfredo	Antonovich	Wilfredo_Antonovich@gmail.com
Wilfred	Antunez	Wilfred_Antunez@gmail.com
Wilford	Aoki	Wilford_Aoki@gmail.com
Wiley	Apfel	Wiley_Apfel@gmail.com
Wilda	Apolinar	Wilda_Apolinar@gmail.com
Wilburn	Appello	Wilburn_Appello@gmail.com
Wilbur	Applegate	Wilbur_Applegate@gmail.com
Wilbert	Apruzzese	Wilbert_Apruzzese@gmail.com
Wilber	Aquirre	Wilber_Aquirre@gmail.com
Whitney	Aragus	Whitney_Aragus@gmail.com
Whitney	Arand	Whitney_Arand@gmail.com
Whitley	Araya	Whitley_Araya@gmail.com
Weston	Arbucci	Weston_Arbucci@gmail.com
Wesley	Arch	Wesley_Arch@gmail.com
Wesley	Archilla	Wesley_Archilla@gmail.com
Wes	Arcos	Wes_Arcos@gmail.com
Werner	Ardizone	Werner_Ardizone@gmail.com
Wenona	Aredondo	Wenona_Aredondo@gmail.com
Wendy	Arendash	Wendy_Arendash@gmail.com
Wendolyn	Ares	Wendolyn_Ares@gmail.com
Wendie	Argenziano	Wendie_Argenziano@gmail.com
Wendi	Argueta	Wendi_Argueta@gmail.com
Wendell	Arichabala	Wendell_Arichabala@gmail.com
Wen	Arisa	Wen_Arisa@gmail.com
Weldon	Arjune	Weldon_Arjune@gmail.com
Wei	Arlinghaus	Wei_Arlinghaus@gmail.com
Wayne	Armbrister	Wayne_Armbrister@gmail.com
Waylon	Armer	Waylon_Armer@gmail.com
Wava	Armond	Wava_Armond@gmail.com
Warren	Arnau	Warren_Arnau@gmail.com
Warner	Arnette	Warner_Arnette@gmail.com
Ward	Arnot	Ward_Arnot@gmail.com
Wanita	Arnzen	Wanita_Arnzen@gmail.com
Wanetta	Arons	Wanetta_Arons@gmail.com
Waneta	Arquitt	Waneta_Arquitt@gmail.com
Wanda	Arrellin	Wanda_Arrellin@gmail.com
Wan	Arrigone	Wan_Arrigone@gmail.com
Waltraud	Arrospide	Waltraud_Arrospide@gmail.com
Walton	Art	Walton_Art@gmail.com
Walter	Artice	Walter_Artice@gmail.com
Walter	Arts	Walter_Arts@gmail.com
Wally	Arvelo	Wally_Arvelo@gmail.com
Wallace	Arzilli	Wallace_Arzilli@gmail.com
Walker	Asaro	Walker_Asaro@gmail.com
Waldo	Aschenbach	Waldo_Aschenbach@gmail.com
Wai	Asenjo	Wai_Asenjo@gmail.com
Wade	Ashdown	Wade_Ashdown@gmail.com
Vonnie	Ashmead	Vonnie_Ashmead@gmail.com
Vonda	Askari	Vonda_Askari@gmail.com
Voncile	Asleson	Voncile_Asleson@gmail.com
Von	Aspell	Von_Aspell@gmail.com
Vivienne	Assante	Vivienne_Assante@gmail.com
Vivien	Astin	Vivien_Astin@gmail.com
Viviana	Asuncion	Viviana_Asuncion@gmail.com
Vivian	Atencio	Vivian_Atencio@gmail.com
Vivan	Atherton	Vivan_Atherton@gmail.com
Viva	Atleh	Viva_Atleh@gmail.com
Vito	Atterbury	Vito_Atterbury@gmail.com
Vita	Atwill	Vita_Atwill@gmail.com
Virginia	Aubry	Virginia_Aubry@gmail.com
Virgina	Audet	Virgina_Audet@gmail.com
Virgilio	Aufiero	Virgilio_Aufiero@gmail.com
Virgil	Augustave	Virgil_Augustave@gmail.com
Virgil	Aul	Virgil_Aul@gmail.com
Virgie	Aumavae	Virgie_Aumavae@gmail.com
Virgen	Aurelio	Virgen_Aurelio@gmail.com
Violette	Ausland	Violette_Ausland@gmail.com
Violeta	Auston	Violeta_Auston@gmail.com
Violet	Autrano	Violet_Autrano@gmail.com
Viola	Avala	Viola_Avala@gmail.com
Vinnie	Aveline	Vinnie_Aveline@gmail.com
Vinita	Averbach	Vinita_Averbach@gmail.com
Vincenzo	Avila	Vincenzo_Avila@gmail.com
Vincenza	Avolio	Vincenza_Avolio@gmail.com
Vincent	Awtrey	Vincent_Awtrey@gmail.com
Vince	Axson	Vince_Axson@gmail.com
Vina	Aydlett	Vina_Aydlett@gmail.com
Vilma	Aymar	Vilma_Aymar@gmail.com
Vikki	Ayyad	Vikki_Ayyad@gmail.com
Viki	Azimi	Viki_Azimi@gmail.com
Vida	Azzopardi	Vida_Azzopardi@gmail.com
Victorina	Babbel	Victorina_Babbel@gmail.com
Victoria	Babic	Victoria_Babic@gmail.com
Victor	Babiracki	Victor_Babiracki@gmail.com
Victor	Bacayo	Victor_Bacayo@gmail.com
Vicky	Bache	Vicky_Bache@gmail.com
Vickie	Bachor	Vickie_Bachor@gmail.com
Vicki	Backbone	Vicki_Backbone@gmail.com
Vickey	Backues	Vickey_Backues@gmail.com
Vicente	Badal	Vicente_Badal@gmail.com
Vicenta	Badena	Vicenta_Badena@gmail.com
Vi	Badley	Vi_Badley@gmail.com
Veta	Baena	Veta_Baena@gmail.com
Vesta	Bafford	Vesta_Bafford@gmail.com
Vertie	Baggerly	Vertie_Baggerly@gmail.com
Versie	Bagne	Versie_Bagne@gmail.com
Veronique	Bahamonde	Veronique_Bahamonde@gmail.com
Veronika	Bahri	Veronika_Bahri@gmail.com
Veronica	Bailard	Veronica_Bailard@gmail.com
Verona	Bailony	Verona_Bailony@gmail.com
Vernon	Baiotto	Vernon_Baiotto@gmail.com
Vernon	Baitg	Vernon_Baitg@gmail.com
Vernita	Bakalar	Vernita_Bakalar@gmail.com
Vernie	Bakke	Vernie_Bakke@gmail.com
Vernice	Bala	Vernice_Bala@gmail.com
Vernia	Balaski	Vernia_Balaski@gmail.com
Vernetta	Balcer	Vernetta_Balcer@gmail.com
Vernell	Baldasaro	Vernell_Baldasaro@gmail.com
Verna	Balderson	Verna_Balderson@gmail.com
Vern	Baldree	Vern_Baldree@gmail.com
Verline	Balerio	Verline_Balerio@gmail.com
Verlie	Balicki	Verlie_Balicki@gmail.com
Verlene	Balko	Verlene_Balko@gmail.com
Verla	Balle	Verla_Balle@gmail.com
Vergie	Ballesterous	Vergie_Ballesterous@gmail.com
Verena	Ballintyn	Verena_Ballintyn@gmail.com
Verdie	Balmaceda	Verdie_Balmaceda@gmail.com
Verdell	Balowski	Verdell_Balowski@gmail.com
Verda	Balthazar	Verda_Balthazar@gmail.com
Vera	Balyeat	Vera_Balyeat@gmail.com
Veola	Bamberg	Veola_Bamberg@gmail.com
Venus	Banana	Venus_Banana@gmail.com
Vennie	Bandasak	Vennie_Bandasak@gmail.com
Venita	Banek	Venita_Banek@gmail.com
Venice	Bania	Venice_Bania@gmail.com
Venetta	Bankos	Venetta_Bankos@gmail.com
Venessa	Banowetz	Venessa_Banowetz@gmail.com
Vena	Banvelos	Vena_Banvelos@gmail.com
Velvet	Bar	Velvet_Bar@gmail.com
Velva	Barajas	Velva_Barajas@gmail.com
Velma	Barash	Velma_Barash@gmail.com
Vella	Barbara	Vella_Barbara@gmail.com
Velia	Barbera	Velia_Barbera@gmail.com
Velda	Barbo	Velda_Barbo@gmail.com
Veda	Barcelo	Veda_Barcelo@gmail.com
Vaughn	Barcomb	Vaughn_Barcomb@gmail.com
Vasiliki	Bardney	Vasiliki_Bardney@gmail.com
Vashti	Barends	Vashti_Barends@gmail.com
Vannessa	Bargar	Vannessa_Bargar@gmail.com
Vannesa	Baria	Vannesa_Baria@gmail.com
Vanna	Barimah	Vanna_Barimah@gmail.com
Vanita	Barken	Vanita_Barken@gmail.com
Vania	Barksdale	Vania_Barksdale@gmail.com
Vanetta	Barmes	Vanetta_Barmes@gmail.com
Vanessa	Barnebey	Vanessa_Barnebey@gmail.com
Vanesa	Barnick	Vanesa_Barnick@gmail.com
Vanda	Barone	Vanda_Barone@gmail.com
Vance	Barranger	Vance_Barranger@gmail.com
Van	Barreneche	Van_Barreneche@gmail.com
Van	Barribeau	Van_Barribeau@gmail.com
Valrie	Barrilleaux	Valrie_Barrilleaux@gmail.com
Valorie	Barroso	Valorie_Barroso@gmail.com
Vallie	Barsegyan	Vallie_Barsegyan@gmail.com
Valery	Bartash	Valery_Bartash@gmail.com
Valerie	Barth	Valerie_Barth@gmail.com
Valeria	Bartholomeu	Valeria_Bartholomeu@gmail.com
Valeri	Bartlett	Valeri_Bartlett@gmail.com
Valentine	Bartolet	Valentine_Bartolet@gmail.com
Valentine	Bartosh	Valentine_Bartosh@gmail.com
Valentina	Bartunek	Valentina_Bartunek@gmail.com
Valentin	Barwick	Valentin_Barwick@gmail.com
Valene	Bascomb	Valene_Bascomb@gmail.com
Valencia	Basham	Valencia_Basham@gmail.com
Valda	Basilio	Valda_Basilio@gmail.com
Valarie	Basley	Valarie_Basley@gmail.com
Val	Bassano	Val_Bassano@gmail.com
Val	Bassuk	Val_Bassuk@gmail.com
Vada	Bastien	Vada_Bastien@gmail.com
Ute	Basye	Ute_Basye@gmail.com
Usha	Bateman	Usha_Bateman@gmail.com
Ursula	Batiste	Ursula_Batiste@gmail.com